"SILLYVENTURE-1-S2024.st";"4F1B08D3"
"SILLYVENTURE-2-S2024.st";"C2BFBF54"
"SILLYVENTURE-3-S2024.st";"EB64E774"
"SILLYVENTURE-4-S2024.st";"23B2C389"
"SILLYVENTURE-5-S2024.st";"36FE6B2D"
"SILLYVENTURE-INDUST41-S2024.ST";"4C3F58E7"
"SHOTGUN-TEASER.st";"303E80D1"
"Pretty Good Demo (Canal 23).st";"F80F579B"
"Pretty Good Demo (Canal 23) - Sources.st";"88DB6049"
"MBIDL054.st";"02E0D91D"
"FASTER_STE_V_1_0.st";"33F5ED76"
"TONY_DEMO_SVW24.st";"63CB45D0"
"SVW24_1.st";"16747343"
"THE_PLEASURE_DEMO_SVW24.ST";"711D9B1D"
"OCTOGENARIAN_SVW24.st";"C87F8103"
"DEFENDER_20250314_WIP.ST";"54B94A76"
"DEFENDER_V101.st";"6D63CA05"
"FRANKENSTOS-SVWE-2025.ST";"64FC3533"
"GORSKI-SVWE-2025.ST";"4C7EA80C"
"4KOVRDRV-SVWE-2025.ST";"5CF7AE9B"
"WORMBALL-SVWE-2025.ST";"189C4BF2"
"WERE_NOT-SVWE-2025.ST";"9FBB758F"
"NOSTNOGFX-SVWE-2025.ST";"7F03917C"
